"rmse_muPIr","rrmse_muPIr","var_boot_ijk"
0.665943436630654,164.944207646782,18.5863366733467
3.04739874901085,47.118265512256,3377.66523046092
9.2791110008307,108.715924292614,3382.23729058116
6.14234984622866,151.733985095452,1318.68330260521
2.47096827167487,34.0058993162773,1229.64368737475
1.88998961165535,39.0011718752507,1602.42491382766
1.5370619472972,45.1787617443404,512.686973947896
2.16119755742194,17.6693513244013,1898.74569539078
1.82499271357187,30.2202598724168,368.648412825651
3.86937572755257,21.3714567585262,501.135306613226
2.13724750821086,122.486727990008,292.189382765531
2.12747348870912,23.8893034179894,10123.0024689379
5.81592130251579,89.4835949623162,5646.4787014028
6.60489030084828,333.359524426712,2768.02731863727
0.496445558158493,3.48410207962804,15.5887775551102
2.54966434037655,17.6394640223345,4977.00270941884
57.9507260099598,465.51033442579,8523.60216032064
3.07451110838072,48.9510229225073,6720.56166733467
4.99598333495271,39.6166979213529,25306.2549539078
0.491180626430202,70.0553274970602,38.7514028056112
1.2473271407485,30.6753670934822,231.839563126253
2.12134462501222,36.8314398014595,2952.07982364729
1.86084230608353,46.2631949136913,1184.50109819639
5.09355193338114,30.735206150909,712.074933867735
8.65320596854696,135.639657361257,2202.9630260521
0.847474022085355,39.9989292516313,412.624673346693
0.648127776687996,9.049492790596,13.0588216432866
4.44585859306669,27.136023106963,5773.17198797595
1.72492541670202,53.832393869058,658.557178356713
2.4139318335819,28.3045999534043,7640.87929458918
0.640259162043463,6.15206244009901,70.4167174348697
0.906015683754336,3.03675045061072,52.6712785571142
0.489251009329326,0.720943941679989,38.9555551102204
2.98704122084014,502.736892543371,645.075026052104
1.83577078478461,87.6917421157808,1538.738501002
0.364340919128179,2.89905134603419,5.00878156312625
4.24110709187405,30.7859991723047,3917.63044488978
2.94268793875136,101.550240849419,614.48256513026
0.837768922748642,4.47050817642246,93.6744529058116
1.92949015935052,164.377001284389,205.139879759519
2.22744855752261,150.273750084707,1075.13466933868
1.73366648321752,35.4830086965567,3710.7301763527
1.33925740457601,23.7541388394757,998.293370741483
3.68486608732385,53.2889768950871,3585.10699799599
3.70302274954746,27.411810023324,6979.81954308617
5.75178437928117,37.9812323886369,7197.5535511022
1.81628855480891,348.240116439206,240.214428857715
0.645274537399455,57.0407532936767,81.8260521042084
4.85724088284655,33.8743012688705,447.232364729459
4.03631193913393,48.7096130062731,964.580056112224
0.399043487306645,232.247950481771,3.93353106212425
1.68886612408413,47.6189515322869,466.541286573146
6.1156526077869,57.7508648516834,2903.25444488978
5.09788283979837,89.5819470527049,1218.19985571142
1.49984317236916,40.1314470597233,106.482148296593
2.64258979180401,32.402194288826,944.594773547094
1.06184057810855,21.0694418223732,277.963490981964
1.45834375428782,8.23283039325578,2640.77634869739
0.312895874057951,24.2265772176826,15.7118196392786
2.52074343250524,9.40611408976593,419.772260521042
1.71383777448711,65.8943146147371,178.445835671343
4.41895336031888,32.8445697958983,4250.31029659319
2.82791181753729,49.6346601478858,940.374713426854
2.98304485570828,321.590288384891,479.238877755511
1.25578905287409,3.69916751460045,26.5534709418838
0.442436025800363,12.3169831637626,124.698496993988
35.1119726259046,220.264489949593,5446.5417995992
1.14154480376101,29.2039063861184,892.821366733467
3.10757930430095,44.2621095433349,1189.05921843687
0.487417885693687,42.9476449097841,23.4688376753507
0.769780074473843,16.0448238520971,94.2544448897796
2.12090398280209,36.3237108368998,1222.35534669339
1.39610350890901,60.7299972092472,203.661478957916
2.34851153228336,17.8473631981077,184.062861723447
10.9428478448792,67.3856472750385,6106.35861723447
0.597803935860725,32.1812276138753,94.0724008016032
0.278851347332347,5.13605260309667,3.07575150300601
3.3233527852946,29.0814081088723,1311.67812024048
1.57279169927012,22.0899632308843,1057.85989579158
2.44564419101169,28.5735503528946,1142.02877354709
0.666845047992765,5.95684733528908,26.6843446893788
0.573671382328914,1.5168419161664,58.2696392785571
0.364425097359107,0.446552793705015,21.7139238476954
2.72609189651848,61.062243164439,1178.04623647295
1.19075636709742,52.4147870132462,654.723046092184
0.446578755525301,1.60399167590909,10.0085611222445
3.48952377023581,27.1454078165238,1083.08977955912
1.15687550692341,38.3062715249329,453.732120240481
0.599519862718756,2.55138478693119,58.5363486973948
0.982939966767353,262.036269560835,41.1626613226453
1.788118851815,85.4417134131935,508.460677354709
0.569424194961314,32.2483512463951,130.986496993988
1.87954069776364,14.0200930451976,2109.42074148297
2.15644701689402,55.4025443540211,417.599595190381
2.98550068422533,21.4721940027776,3456.29364328657
4.32441822690728,26.51012262714,1461.68586773547
0.776161739239371,52.8207927939915,195.972809619238
0.508367447113607,34.4913625943707,43.8282324649299
4.54248525205403,13.0230501693581,2099.42414428858
2.42275396881995,29.0203727854379,393.680977955912
0.651023491059238,43.0368900758072,53.6984529058116
1.2777955188296,13.4881677337985,1824.69362324649
6.38125215242687,45.6658690516145,2589.23373146293
2.08148102071824,43.8067173808009,317.436997995992
11.0513087848955,47.0674505349792,2757.54590781563
5.29875416906327,19.3930608359832,7686.30959519038
1.47086607924334,14.8001609427976,509.941398797595
1.30980287711728,7.0738858033603,642.721458917836
2.37534411717726,14.1036240869047,480.830537074148
2.54220181745064,4.40006516019106,1335.68527054108
1.85764202892304,41.7125083264943,339.314513026052
4.15055823961772,34.4795570282865,4393.78845290581
4.06867187994384,44.2612727370172,1309.55488577154
3.68856118785926,59.577430006434,1769.71583166333
4.91642808137771,3.88023567264249,239.130965931864
2.48729289246633,13.1249735444308,1579.91693787575
18.5902451093327,185.8845894775,826.966332665331
2.45492883359624,19.8709713837582,8400.87622845691
6.54180673485262,23.6371100964091,16339.3241042084
0.412692394938916,25.4052484962322,34.2874709418838
1.06547699571266,7.80969077742824,680.114933867735
4.35989951602937,40.6133312187476,2823.29692985972
4.47199447253601,36.0817016104007,1948.76368336673
16.5463289911951,16.4078430235013,6925.39429258517
14.6569887334029,64.2780104754643,5686.47693787575
0.69064287219273,13.5634779239238,299.775134268537
3.6337996057749,5.29779124253644,195.999599198397
9.83022856726336,35.3390263915092,4133.03446893788
1.12195521120162,18.4965299859008,543.681967935872
4.13966998639641,30.693231953421,2291.31717835671
1.36506027885532,3.85367142498878,196.052340681363
3.90143854895012,1.55848692115872,843.364873747495
0.509268946992302,0.305426596911016,80.7271182364729
15.2465732951731,88.8061203446252,3765.9515991984
1.75327378322791,34.1359510976442,2493.14053707415
2.20101675381146,1.72087726006138,206.356456913828
7.82295542178196,16.2298226733393,11643.7870741483
4.26413374387759,64.5478292653427,896.561358717435
0.865175552786884,2.33160647341135,87.8086412825651
4.16216875652711,64.2332132665874,770.879915831663
5.65956376297503,62.8039682861879,2512.47895791583
0.999735292714759,22.3160954623189,530.556296593186
1.92601372547213,15.8435159868085,955.607871743487
3.91997306708601,36.8909328584001,1685.51806012024
4.52758445006256,20.8770893720219,2959.44100601202
3.55444881115703,18.3807828094398,2696.7798757515
1.86608605546603,19.4978003163837,2433.00076553106
0.566284674209986,15.7804466051805,92.9952064128257
13.8768808206969,12.8270342831262,9760.38372344689
3.26815933298725,16.9987418911639,1158.04017635271
1.22175797537326,39.0449886356111,457.330224448898
1.374622685282,26.0711189132364,1286.38372344689
4.66202716963961,51.6422154441952,1773.73634869739
4.86530605140984,105.953818678871,823.787074148296
2.1030973200423,25.4598386708634,612.963923847695
3.86655825585345,30.8446993506022,2714.0724008016
1.10145827344558,11.7078137961707,1659.04248496994
1.58152784953536,9.714623019668,1728.95504609218
1.82984910286791,15.8214599039483,594.741719438878
1.2416814636993,4.57476648531105,622.001647294589
4.05766305793063,81.9011353498636,900.832300601202
2.41344299551401,27.9172459416913,2223.28960320641
4.27230629174292,63.1804786461247,2070.35509418838
4.52485016143209,131.197021431336,800.746629258517
2.41971794210854,3.28316979989655,168.091398797595
1.37523043407298,9.37359998270415,3816.69378356713
17.9924491714354,204.405418566506,1269.10898196393
2.48092252787139,37.4123067116016,2399.69447294589
2.17273415692809,19.6522741568008,6917.91862124248
1.50570227928454,35.3596767191046,286.569695390782
1.26890297827102,15.612429506402,353.471498997996
1.32020949975192,24.3167719668041,1123.80653707415
4.60100509344728,57.2403441407187,1619.06409218437
3.23595209038791,12.189635742334,1038.41639679359
8.87670449765418,77.6199570744214,2833.06104609218
1.35528653434004,26.3506816661897,648.782861723447
1.87448343883379,6.74278358319803,107.82077755511
2.79808535296617,20.5614958017068,3546.81553106212
1.37058809329921,37.9592459478344,897.733402805611
2.20340048013353,27.7037016584004,1432.41585571142
1.51720046482906,2.75017031684834,1346.00216032064
0.761280429168553,0.960444961677774,151.880284569138
0.427114224143821,0.331825817660619,94.3250661322645
8.11591909009687,171.796705598561,940.226052104208
1.3889659432473,59.3197416442675,1545.77821242485
2.03323480583016,2.58607507705552,102.547591182365
3.20921026981501,28.9075971872803,1019.2793747495
5.1778203626222,140.654396145938,955.717334669339
1.44299530337926,3.69739375650716,193.028661322645
2.28657655060807,89.7062702142268,239.232849699399
3.13525791113142,55.8545758457387,1505.08057715431
0.573612977195977,20.9614458553021,418.691058116232
1.58951156848601,18.7882999062438,1291.14284168337
4.69110396763,62.5713494889528,2918.7626252505
1.7237582900035,18.2966819810147,1276.65160721443
3.87794049000229,25.4575621495416,1568.57954308617
0.811004697731269,33.0784559987741,824.332388777555
1.39037508186859,22.7180830077633,484.237575150301
4.70833579961858,21.2111426600762,1083.16252905812
4.90978588738487,33.7805341379722,1990.19050501002
2.48334115664121,99.3366271227482,546.945987975952
5.00731948966827,35.4103406015893,21000.9724408818
16.4704809535066,75.3451973839528,26433.7991983968
8.89887884407538,121.612568451267,3862.80995591182
17.3413686687598,70.9000704366575,15735.23549499
15.8055514238,31.5495649189759,78167.262248497
4.29542339972094,23.5771107026442,6719.95501402806
3.37957474171057,13.1619389856894,5830.70882164329
6.90496499813252,31.9556820718131,4852.1193747495
4.43456456386262,4.66561698280644,17941.5070781563
9.85253246179833,90.7948697525634,6895.31021643286
4.52770556723393,29.3321430869847,14906.6808977956
14.5912043381257,63.660381453273,35782.9099639279
30.148172535584,199.283135981245,29461.4440841683
4.1359833257465,5.38323509710486,302.049154308617
6.7596539287307,21.8260273754102,33834.1763687375
37.9524211898625,311.544969865853,6173.35616833667
4.91956199211005,27.7482660379169,47136.4776593186
6.24320151776627,24.3153452076685,37558.0316472946
1.07870831237654,40.350274441786,260.430765531062
10.0386195180095,49.5880046994397,4507.90924248497
6.34747926452431,55.8241152155282,22909.0053066132
15.569979730328,68.1256950784889,31381.8431863727
11.8283518637443,24.8718944872325,6153.61826052104
24.8185990510104,139.449586195503,12171.2284569138
4.88971919359511,41.5210495334386,10291.3709659319
4.41966607635714,12.4751438889477,301.549543086172
21.6095633076061,53.830635641875,20655.2495831663
2.49888965832044,38.0352316519949,2271.16317034068
5.40072228177394,29.5481709449921,17594.9006172345
3.20770954574012,4.76709480558513,3035.28520641283
3.62389642769301,2.53938099959247,953.517370741483
0.386229754945156,0.4358181125528,85.4087815631263
11.7948289097837,170.777286526044,2620.33272945892
4.13330194939522,101.701653790506,4181.20276953908
9.00266101233626,6.15149875032034,829.607130260521
13.4748506295547,36.5986155452513,29738.3409178357
7.16766062793511,131.464028022765,2552.58181963928
1.30874902384185,4.63690369752486,195.04578757515
14.2221836544858,170.595865639223,5232.94785971944
19.6961148233216,109.407580321079,32597.2415671343
1.94339523186374,31.3433256769883,4835.84867334669
5.78772061990214,30.3203186054812,7966.06901402806
12.7286193315529,69.1364884979183,24842.5090180361
9.73003704642205,27.4362132921875,46440.704012024
17.5801621754613,38.2070921758917,27904.7343326653
2.12102828536802,28.4200669759853,4265.96974348697
1.50377559060877,37.1671454503753,434.242709418838
11.7664223152592,24.9253187511533,8408.97286973948
21.9913848118913,60.8442897934716,14184.7649338677
2.96807746283288,63.1918370666313,2618.54195991984
3.79762626897855,31.5237345839297,29711.2447935872
45.5852611847573,233.643556405351,27477.8071142285
13.2010682644907,115.446671686867,12512.2889779559
8.25580138902299,53.3756130635905,6404.37649699399
24.1905804086823,56.3606783833916,46232.1450260521
6.58843494075807,30.8715668630675,24546.3952344689
10.3320565387043,34.1879116806122,13351.0304609218
4.50990539132695,21.8078276740819,5064.44849699399
8.59657201518469,8.76808576131238,21206.1655470942
11.7977231535263,118.479532971861,7356.06911422846
3.80334945318754,39.9783978428115,21259.7943727455
17.5455621518684,94.4754192802954,37297.5886332665
17.0342752507322,127.038195394671,27714.5724408818
8.78797155715435,5.30460996105072,1562.11133867735
3.49924888819638,18.6862896857138,11336.8271382766
92.2963666125144,984.682340938073,10812.608753507
9.27724294719792,53.4134328986192,55298.3981202405
9.2103987704191,40.2149671300143,57683.6209178357
2.16947226076346,64.3204997482492,678.372821643286
6.84623585026781,29.2198778475285,9819.28779158317
3.43850016630689,47.4105256720678,4002.03582765531
24.423688981311,113.238903080066,31605.490757515
30.7460859189064,58.3256479579712,11639.8966893788
21.9503774716697,190.484882017781,7323.2248496994
4.94658175929422,46.4720694836233,13412.5748937876
7.548114085573,11.6979933366555,1670.06096593186
13.0573418094989,40.0234448312335,27915.3823607214
3.66134690205722,39.4022381445997,23727.405254509
7.77991832463009,41.0164873516594,22666.7187815631
1.93874770358479,3.9622299109091,2196.66630861723
5.96915145229809,2.08840369784246,4045.44487374749
1.20603688335658,1.19405488009026,143.967210420842
19.1289991796082,200.309212563685,10459.6302164329
2.0769516349304,94.1585644817327,2013.64175951904
9.5087817961464,4.40959425652267,2357.23509418838
12.99551576004,49.5943557294232,15951.4889779559
5.32169991815579,148.287163979409,1579.83571543086
1.80609358211474,5.52195116171297,314.86831262525
7.31278987086703,134.582094263717,3016.98887374749
18.8358579043471,105.239626970567,28707.2342244489
1.83648251973596,25.6237755786799,4946.2195751503
3.95820802273731,39.8380786110781,3324.77583567134
17.3035546196278,114.823051083284,21981.5556352705
8.16671660376894,31.1944044109363,32339.4300440882
5.43282464766447,27.1209357831651,12266.4980961924
4.29270989900265,67.385544318424,6732.33056112224
1.51381816426713,33.3060811686739,493.035971943888
17.2617513342971,39.2705709260139,7689.49827254509
15.1398817497919,59.5790763604009,10903.0383326653
4.53239110959957,66.0626029354714,4683.26130661323
8.06994332301278,35.6431675504915,59850.6764088176
27.6196181997098,117.876588745886,22744.4541042084
17.8889848717445,145.486022522268,7636.50906212425
11.7144773685855,35.2500350216713,28990.0541042084
14.4731006334753,20.7710646613687,81016.4945891783
6.67042855961773,25.8409868824799,42061.4830420842
7.07892977440723,18.0063007035573,35683.5743927856
10.0595393886974,26.0011195962237,14745.2534629258
10.1609897800021,5.65395178664922,56857.3002004008
16.8221808829548,121.699314192892,10161.9718276553
3.19424139676656,28.4349758633306,26734.0612865731
32.0017683658291,85.4893253001613,141421.90703006
45.0800756049548,189.79078803739,93785.900264529
5.24242243412162,4.40664878538362,752.300645290581
5.53081427865066,14.5404554379115,41396.4782805611
98.629502865383,509.43888005411,23710.2521042084
14.8154637187752,48.7517159294297,102131.899298597
10.005214763683,28.8799085936321,65127.0680360721
2.01133100662208,50.9470512748635,564.231839679359
8.67716585671942,26.3363133439679,16146.1225611222
4.39802490893685,30.4837361673932,16865.6537074148
15.5761224155597,59.1578867284213,32589.4653306613
24.9892253072268,30.6063934302478,25440.4730901804
44.2899833651415,160.522746961016,43299.597991984
4.60366593742974,29.3381189285069,13689.0006573146
9.76555074269726,13.4277010820981,1271.0130501002
15.273349142137,25.787845123803,46323.1877995992
6.13064498663908,42.0409929579934,9891.29136673347
8.10613026601066,29.4495835866159,39200.5439519038
3.73254077535505,4.00118293556207,6218.03759118236
6.24778498982906,1.85409224348465,4846.68703807615
0.937566902653494,0.572615013109526,303.248673346693
16.1289352469315,119.357337441979,11447.3959278557
4.2665056304143,93.3249571729382,4816.59226853707
7.21721966131384,4.59338821195554,795.02244488978
16.9375036645028,26.3305381443839,71448.9004048096
5.93240287888649,64.710498955633,7919.58834068136
1.7460605281189,5.05408783167873,297.364793587174
16.9604099809072,130.000732659678,10704.0171983968
30.1024830178427,99.3313074655182,80759.6032064128
3.22932992186404,27.0757362680843,12332.5715430862
5.50572974821569,32.6200128422142,6581.78597194389
10.6881568409785,46.4267524739234,27649.1280921844
13.066564327316,25.2277528213608,105836.05442485
10.6145998659107,34.4244968209827,13128.1982204409
4.08193274062009,26.4908849882988,21184.8248657315
2.07628417674543,37.9878568293851,660.625074148297
20.09543102495,20.4944898962002,30746.9364488978
36.6314257783539,66.6186669376387,33794.1784208417
7.5090554803043,77.4351503025779,5776.1882004008
4.04841824092169,32.9178485351261,17193.1712184369
20.099994768716,102.413636281003,23936.3376793587
10.2591790775944,77.9380896785525,7946.75861723447
9.17971622874646,32.1035496111927,21315.5049098196
13.114783947391,25.146684395263,40465.2839238477
5.03512784976077,30.3929896354053,8061.02972344689
4.30675497877677,17.0637942207289,9387.26321042084
10.3279187085758,26.3786966996196,12273.6673787575
6.56423656918888,4.71335862232077,34970.2770180361
8.97586274250286,79.6747599769618,8029.88912224449
2.63540383021519,28.8386658984438,3907.3381763527
14.4707637588007,64.3396983502144,29990.2888817635
13.4709523242912,94.9352352227121,23652.8896633266
2.39035021158352,3.76418243232623,128.371142284569
2.82925263376881,11.2171045989864,15735.8007014028
39.0087663407534,449.144272532523,3051.42791182365
7.26824891414663,38.1103744588052,44561.9850701403
4.62720310424701,22.9656519125299,23350.1042244489
2.45767720197167,44.752849553784,905.29829258517
6.09038201454327,30.096516680993,3908.14593587174
3.15476210413996,37.6415061915417,3222.02697795591
13.7786329210319,73.5175398579048,13687.105987976
19.2316887705266,26.2412066339192,12000.9092224449
17.6056097103179,135.605873583541,5827.6003006012
4.41668476717158,31.3955770011599,9178.87164328657
4.94563634121374,8.01854629988331,680.842068136273
11.5257877294453,24.6335895896562,27775.7157354709
4.86929023114973,41.5770595192834,11000.6600561122
5.3687036681105,27.9605442762011,12198.0178717435
3.11331211259764,4.19766513793088,2400.39440480962
4.85823765577813,1.99129271748201,1974.67226853707
1.10879164484284,0.620346410781862,325.523190380761
28.3815266080128,223.265883640697,11922.1241322645
4.07152141125993,79.439644683929,5198.23815230461
6.22052693109614,5.76473471632542,408.948821643287
13.1959086780498,24.7211330923998,31175.9378396794
9.03125718947012,177.324259959945,2971.37985971944
3.03256783978295,3.98626139209852,1354.1142244489
16.4429502400652,124.479517810893,9610.5349739479
19.2720310247546,104.847381126058,19570.3368176353
1.45355838940952,16.0086315279583,8038.6916993988
4.93904147254165,35.9383701488847,4117.09797194389
8.1567769901605,56.3691465827266,13308.62949499
8.022224219499,18.7017951821409,61008.1502004008
3.99339936749219,16.2372450471834,6141.02699799599
3.86666909262887,31.5283665597066,21880.7947254509
1.80412935498805,21.8625853045562,2118.84448496994
27.7866051801599,34.65743565173,15167.4727815631
13.405660509042,50.5193851098863,6224.84535470942
2.20307126976922,66.8442143520266,561.00450501002
1.71346031940835,24.5380197313376,2217.43010420842
13.9580414059443,130.235525353127,2746.17553507014
5.40745147435598,78.854277997654,1692.21432865731
11.1450194128533,50.5440042728684,11432.2724609218
33.372292224059,83.3440270391104,25887.0344689379
1.75493634912942,19.5110104073244,2157.6250260521
2.12584152724456,13.8043231234525,4217.15573547094
2.5029018457237,15.9269887217709,1234.8993987976
11.702363943038,11.94678667311,7911.68889378757
8.40597189064938,123.568865355878,1798.73922244489
2.55922721298724,34.9239758269737,1675.30125851703
8.05765646424441,56.4869409550885,6129.72653707415
10.4195623522348,111.894406035765,6809.72602805611
5.02833077977264,4.90223147696909,276.392641282565
2.23392782415215,17.1437563010174,2553.27645290581
18.7450223495612,377.118467188747,595.354885771543
2.95033122175411,28.2373401450714,9435.75414428858
2.95911237079133,20.5149208862613,7649.96493386773
0.918139246901592,33.0498007748395,155.175194388778
2.52888073104319,17.4772283054251,1226.20814028056
1.76997564867352,40.3776702007915,884.24551503006
16.0697464585742,143.007633396967,3044.70709018036
9.69435873008193,25.0841967801856,2225.33634869739
5.55291863918184,75.8093688772351,1130.47254509018
4.10733860275084,62.3340085508171,1211.22467334669
1.72247304795834,3.66810196212701,234.993523046092
9.80536816569061,40.2886675940031,3854.07212825651
2.2693073227157,27.0094810773082,6754.25588777555
3.94594845832483,38.3983875299865,3021.40717835671
1.82283494222441,4.91118022161967,563.311166332665
3.32990610150928,1.86695795587016,771.35427254509
0.541354568973761,0.439685057906837,128.218132264529
8.69048707642027,126.732568100028,1361.32592785571
3.25770255302732,84.398714164803,2573.30220440882
4.1292096477491,2.99990074237984,296.752929859719
16.4443825274,60.6143818888683,7255.7229498998
3.67044613619412,92.3508968953802,691.155126252505
1.92881993695109,4.53198842752533,202.104625250501
3.30596570196766,65.0113012387994,900.42296993988
7.36918198702184,76.598455309551,4573.65458517034
1.31649496688883,26.1547196581774,1337.68889378757
2.37639377081142,32.9164119304792,1058.91902204409
13.7699753279154,162.339112928086,2460.50999599198
7.49785718193134,29.8511632659737,12411.8644128256
2.68239785232792,22.7370458252551,1012.23382364729
5.85011105361707,81.2721189172646,2660.70244088176
0.823451841298736,17.5407380375556,228.66446492986
11.1208908053103,21.4369703709919,5923.71117835671
11.0158540043583,69.5385617897157,1916.95206012024
0.809509636696629,53.0014100967787,135.16046492986
0.754008232514828,28.0697653126923,319.947078156313
7.33672631429562,109.176314645347,1346.25088577154
4.76816406225802,105.632499729082,558.629258517034
1.7922335481937,43.6904745122762,194.184352705411
1.79033039385605,25.0638561294554,761.34378757515
1.10622490927686,15.6246092136225,935.492885771543
2.13200117802206,18.0991544318505,699.044488977956
0.874918922339906,13.8932225570821,183.131587174349
1.02712412175257,7.72210399921646,184.369422845691
2.25983635816208,111.611960843371,114.211799599198
1.10364578336657,30.6670105045884,1036.55651703407
2.93396330481362,86.7017182464168,387.129923847695
2.68180330685183,139.978770150128,619.354432865731
1.93198648239015,3.8794090137668,72.9911783567134
0.794675278556639,15.5239803117873,624.714945891784
21.0651664196612,465.29949822437,760.709803607214
1.42732743587044,46.7607766218019,644.823422845691
1.18759358964596,23.5802031882896,741.177250501002
0.928271406220306,30.5831178657084,139.406236472946
0.695723240736292,24.6129856958333,65.1258356713427
1.11159425396563,38.2239087192351,252.267350701403
1.68187058114896,51.9377408072455,349.166557114228
2.97155904498967,29.2131568484929,217.160721442886
6.63258183573668,141.402323826365,577.366316633266
0.679403821502822,20.6639439253476,468.793791583166
1.55140689815746,11.4940863543786,27.8200561122244
2.44679759673579,32.9140750344752,448.506913827655
0.845500286011167,26.7113752112712,501.808160320641
2.05328771648217,31.142873315205,1195.22084168337
0.743638925365155,2.89357152904722,212.56953507014
0.799513668058743,1.88514194102569,39.1148537074148
0.582427357630568,0.60311423526041,48.6638036072144
3.2391175410494,117.771167385481,342.485206412826
1.54751649468818,62.6448939978489,771.937871743487
1.17231603246901,2.17695922308487,67.199755511022
1.48269789311193,26.2636943174429,306.220841683367
2.33345203221577,100.131298787685,451.015931863727
1.4237169288786,4.41260837183166,146.227571142285
2.67109493722569,125.314325673762,251.307318637275
1.96529264451625,101.217771799847,339.784753507014
0.445780612948171,22.7834856350219,254.67374749499
1.02869683196069,16.4214620208425,854.629142284569
1.93032075233034,53.7962161852253,490.202004008016
2.10624502569264,27.3495758205501,1441.36296192385
1.66325583365135,20.672227881975,422.706513026052
0.549698747431147,32.240045906907,147.056268537074
0.541302065090788,13.6863411210496,340.111146292585
2.1088643927899,21.2625454816757,166.412440881764
3.20535893225896,36.5796048423236,598.713823647294
1.0456559744208,165.813230562267,63.6128256513026
2.21291321560498,70.8040827317118,2252.35230460922
10.7507948747495,220.234492885212,2130.97024448898
2.93636025339836,99.3242617214546,923.641599198397
5.24791160907003,91.182495247204,1490.70593587174
2.11936592356313,35.6631762584994,2276.86914228457
1.395388401367,38.4653084346539,508.971266533066
3.28214403677294,33.3659070041057,3411.54441282565
1.33130638642532,33.5127539520711,329.516933867735
1.10724012330525,9.92773579513991,397.497378757515
3.02394144368364,114.16452056046,583.033731462926
3.01640435504449,79.6683960860554,3004.90380360721
4.32250980975824,90.1545031556843,2613.21723046092
4.31500553153169,275.350172247422,959.92180761523
2.23582051012557,7.93142209414875,53.3319879759519
1.96093429143549,26.7707783080407,3164.67309018036
36.8756088018117,957.491804250428,1914.32795190381
1.97571842136072,44.8885196300506,5466.30288977956
3.64588017269629,53.7854179902934,4452.33376753507
1.04964328132262,65.933251668541,132.03454509018
1.87255420873393,46.5448057538592,300.244372745491
1.97379578236544,79.8719845856189,923.9045250501
3.13978138021087,77.6393001666217,1195.50861723447
4.87554387860086,60.0528851072429,229.854024048096
8.07480955308765,249.515469904689,989.430396793587
0.704673229079524,63.2548393477622,64.9503967935872
1.65429938396984,17.7950817976106,38.5826813627254
4.44087636196829,68.0053542401358,1554.96875350701
1.17027682054093,41.5571172201726,827.276569138276
2.76189120417739,55.6792559684591,1897.58321042084
0.896002639952776,11.0695100214493,52.0245130260521
1.02717012324788,3.94450900976521,45.7430501002004
0.846096003302126,1.22192574221256,87.2964168336673
2.52161103044464,258.363296365613,325.529442885772
2.52246869256156,113.130311301198,1954.21580761523
1.05535308705415,5.0450576022908,28.6405771543086
1.97566038619457,36.4603630347943,619.480925851703
5.64800612264874,191.297636024217,1801.35093787575
1.64888006465279,5.6447385527158,418.192769539078
4.38022572038524,212.469288448771,514.755795591182
3.9758419527908,207.848882728464,1197.22152705411
0.946583201050201,59.4907200535839,641.453306613226
1.96507624699156,47.4712281029642,743.876468937876
1.98686543021362,75.218899743102,661.639803607214
1.96382072714369,43.3839399202292,903.286617234469
4.02489343164789,42.2821191064114,2588.94799198397
1.16302896112924,177.503293851631,176.451507014028
0.696299490756748,32.5303355637543,134.10130260521
1.84118643952563,39.479836007765,127.20677755511
2.42810243768045,72.8038843857333,285.241278557114
1.5353620890018,172.646185204791,277.331186372745
1.26496882646637,76.003216415298,959.751386773547
9.24141863445151,260.166924097422,2693.12260921844
4.37642397855042,200.535018124617,744.816032064128
2.51605416556554,68.8299818944034,902.522661322645
1.96040024961005,104.039171349587,519.112380761523
2.14552923833796,90.1836805508804,494.991967935872
3.3524517304603,80.4471795885265,261.20568737475
2.58933168291921,46.1077715762674,841.607771543086
0.871472552608516,17.6094879157547,153.842288577154
2.46749455396852,150.310947074519,587.781739478958
1.82118261490894,78.6755621732243,2219.93652905812
3.82658254617924,114.81512344666,3232.34184769539
4.4708538399556,377.660041592263,1629.8873747495
1.2067492027381,5.77745271524741,67.6063286573146
1.6748860534973,30.5218178597142,2546.94699398798
36.8864170002489,1041.51826813077,2451.95958316633
2.33806190129,75.13644190542,4701.23687374749
4.90708767839609,64.8650053102883,16504.7138917836
1.93786240216763,55.8747430987067,1061.78988376753
1.19731292638508,60.1602856742071,155.263627254509
1.36997281687451,71.1635215522999,1006.75680961924
5.50958374250709,153.031543232611,2320.6355751503
1.453143687628,78.2545434809018,43.0653947895792
3.56999857828965,285.416377565811,252.056368737475
0.997228216524656,147.342320374809,107.730384769539
1.71399193386556,15.4895854346433,83.8562084168337
2.48264216357831,55.5341606795016,1211.61303006012
1.23940864951611,75.2098544360688,602.864813627254
1.62000652248757,63.4637349117127,1505.20663727455
1.30904987137591,14.5784049400777,211.38877755511
0.653732426382158,3.90552490260882,43.4667895791583
1.24801174819722,1.3699181053687,239.243911823647
2.41969258493036,569.857518929548,398.427911823647
2.22056256611193,115.322754008455,3150.13386773547
1.0780633949274,7.24486594902672,27.2177114228457
3.16420896714131,60.5766999676573,1028.23961523046
4.36665083882876,173.288593172563,1448.74258917836
2.35241604483933,7.18226261276629,813.275651302605
3.93052199626315,179.559378104542,1073.00384368737
3.00312176442181,310.064487714191,748.043863727455
3.29533073054382,112.465459736855,3983.23627655311
1.52380484993028,118.269285345908,222.140965931864
4.5981902252556,144.217887702079,2558.30518637275
1.74069663698711,54.2392363805628,1692.77933466934
2.84742839194496,54.6954558351146,1466.88645691383
1.21017131045881,325.658499346399,153.232160320641
2.24376918731131,55.6245863885788,1083.23775150301
0.914105850957406,52.8682106146371,28.4422404809619
3.32490876858063,132.651177856478,316.843523046092
